filename,loc_physical,loc,cc,fan_in,fan_out
.spin/cmds.py,629,373,65,19,18
tools/check_installed_files.py,123,75,23,2,4
tools/check_python_h_first.py,254,189,46,5,7
tools/download-wheels.py,132,60,13,2,6
tools/refguide_check.py,656,369,121,11,13
tools/check_openblas_version.py,20,10,2,0,3
tools/changelog.py,187,60,27,4,5
tools/write_release.py,118,39,12,2,6
tools/linter.py,69,43,8,4,4
tools/functions_missing_types.py,127,78,11,6,4
tools/get_submodule_paths.py,31,21,6,1,2
tools/swig/test/testArray.py,390,294,31,61,4
tools/swig/test/testFarray.py,159,108,21,20,7
tools/swig/test/testTensor.py,400,294,35,40,5
tools/swig/test/setup.py,66,48,5,0,2
tools/swig/test/testSuperTensor.py,395,276,35,40,4
tools/swig/test/testFortran.py,161,106,6,15,4
tools/swig/test/testVector.py,379,265,21,44,4
tools/swig/test/testMatrix.py,360,254,14,40,4
tools/swig/test/testFlat.py,197,139,10,17,5
tools/ci/test_all_newsfragments_used.py,23,14,3,1,3
tools/ci/push_docs_to_repo.py,75,59,9,1,6
tools/c_coverage/c_coverage_report.py,181,16,32,12,9
numpy/_array_api_info.py,346,121,31,5,1
numpy/conftest.py,227,155,24,8,12
numpy/_globals.py,96,26,23,4,2
numpy/_configtool.py,39,34,7,1,5
numpy/__init__.py,930,745,89,6,57
numpy/dtypes.py,41,9,9,1,1
numpy/_distributor_init.py,15,4,4,0,1
numpy/matlib.py,380,51,36,8,11
numpy/exceptions.py,246,39,37,2,2
numpy/_expired_attrs_2_0.py,79,74,13,0,0
numpy/_pytesttester.py,201,61,31,3,12
numpy/distutils/unixccompiler.py,141,28,26,2,10
numpy/distutils/numpy_distribution.py,17,9,2,2,1
numpy/distutils/conv_template.py,329,173,43,11,3
numpy/distutils/cpuinfo.py,683,500,111,174,8
numpy/distutils/ccompiler.py,826,462,166,19,24
numpy/distutils/msvc9compiler.py,63,25,13,4,3
numpy/distutils/npy_pkg_config.py,441,102,66,27,7
numpy/distutils/misc_util.py,2484,1137,440,110,40
numpy/distutils/log.py,111,77,19,10,5
numpy/distutils/line_endings.py,77,62,13,6,3
numpy/distutils/lib2def.py,116,43,21,4,4
numpy/distutils/pathccompiler.py,21,14,1,1,1
numpy/distutils/system_info.py,3267,795,545,112,33
numpy/distutils/__init__.py,64,30,13,2,10
numpy/distutils/core.py,215,176,58,6,14
numpy/distutils/exec_command.py,315,158,63,10,7
numpy/distutils/from_template.py,261,71,44,12,3
numpy/distutils/fujitsuccompiler.py,28,21,1,1,1
numpy/distutils/mingw32ccompiler.py,620,144,117,24,31
numpy/distutils/extension.py,101,58,16,3,3
numpy/distutils/msvccompiler.py,76,28,17,4,3
numpy/distutils/armccompiler.py,26,19,1,1,1
numpy/distutils/intelccompiler.py,106,11,8,5,5
numpy/distutils/_shell_utils.py,87,42,18,6,4
numpy/distutils/ccompiler_opt.py,2668,1074,492,71,15
numpy/distutils/checks/cpu_avx512_skx.c,26,9,4,1,1
numpy/distutils/checks/cpu_f16c.c,22,13,3,1,2
numpy/distutils/checks/extra_vsx4_mma.c,21,19,1,1,1
numpy/distutils/checks/extra_avx512f_reduce.c,41,30,1,2,1
numpy/distutils/checks/cpu_ssse3.c,20,11,3,1,1
numpy/distutils/checks/cpu_sse42.c,20,11,3,1,1
numpy/distutils/checks/cpu_sse3.c,20,11,3,1,1
numpy/distutils/checks/cpu_xop.c,12,11,1,1,3
numpy/distutils/checks/cpu_vsx.c,21,19,2,1,1
numpy/distutils/checks/cpu_rvv.c,13,11,1,1,1
numpy/distutils/checks/cpu_avx512cd.c,20,11,3,1,1
numpy/distutils/checks/cpu_neon_vfpv4.c,21,20,1,2,2
numpy/distutils/checks/cpu_asimddp.c,16,15,1,2,2
numpy/distutils/checks/extra_avx512bw_mask.c,18,11,1,1,1
numpy/distutils/checks/cpu_avx.c,20,11,3,1,1
numpy/distutils/checks/cpu_sse41.c,20,11,3,1,1
numpy/distutils/checks/cpu_vsx2.c,13,11,1,1,1
numpy/distutils/checks/cpu_vx.c,16,13,2,1,1
numpy/distutils/checks/cpu_avx512_knl.c,25,10,4,2,1
numpy/distutils/checks/extra_vsx3_half_double.c,12,8,1,1,0
numpy/distutils/checks/cpu_popcnt.c,32,20,5,1,2
numpy/distutils/checks/cpu_sse.c,20,11,3,1,1
numpy/distutils/checks/cpu_neon.c,19,16,1,2,2
numpy/distutils/checks/extra_avx512dq_mask.c,16,9,1,1,1
numpy/distutils/checks/cpu_avx512f.c,20,11,3,1,1
numpy/distutils/checks/cpu_vxe2.c,21,18,2,2,1
numpy/distutils/checks/cpu_avx2.c,20,11,3,1,1
numpy/distutils/checks/cpu_neon_fp16.c,11,10,1,1,2
numpy/distutils/checks/cpu_vsx3.c,13,11,1,1,1
numpy/distutils/checks/cpu_sve.c,14,12,1,2,1
numpy/distutils/checks/cpu_fma4.c,13,12,1,1,3
numpy/distutils/checks/cpu_avx512_knm.c,30,10,4,1,1
numpy/distutils/checks/cpu_avx512_cnl.c,24,9,4,1,1
numpy/distutils/checks/cpu_lsx.c,11,9,1,1,1
numpy/distutils/checks/cpu_asimd.c,27,8,1,2,2
numpy/distutils/checks/cpu_vxe.c,25,18,3,1,1
numpy/distutils/checks/extra_vsx_asm.c,36,21,2,1,1
numpy/distutils/checks/cpu_asimdfhm.c,19,16,1,2,2
numpy/distutils/checks/cpu_asimdhp.c,15,13,1,2,2
numpy/distutils/checks/cpu_avx512_clx.c,22,8,3,1,1
numpy/distutils/checks/cpu_avx512_icl.c,26,9,4,1,1
numpy/distutils/checks/cpu_avx512_spr.c,26,8,5,1,1
numpy/distutils/checks/cpu_sse2.c,20,11,3,1,1
numpy/distutils/checks/cpu_fma3.c,22,13,4,1,2
numpy/distutils/checks/cpu_vsx4.c,14,12,1,1,1
numpy/distutils/checks/test_flags.c,1,1,1,1,0
numpy/distutils/tests/test_system_info.py,334,85,24,15,14
numpy/distutils/tests/test_ccompiler_opt_conf.py,176,147,39,14,4
numpy/distutils/tests/test_mingw32ccompiler.py,47,34,9,1,8
numpy/distutils/tests/test_from_template.py,44,14,3,2,2
numpy/distutils/tests/__init__.py,0,0,1,0,0
numpy/distutils/tests/test_log.py,34,24,2,3,5
numpy/distutils/tests/test_fcompiler_intel.py,30,24,6,2,2
numpy/distutils/tests/test_misc_util.py,88,69,7,7,5
numpy/distutils/tests/test_fcompiler.py,43,33,4,1,2
numpy/distutils/tests/test_build_ext.py,74,2,7,2,10
numpy/distutils/tests/test_shell_utils.py,79,57,5,4,7
numpy/distutils/tests/test_exec_command.py,217,19,16,17,13
numpy/distutils/tests/test_npy_pkg_config.py,84,53,1,4,3
numpy/distutils/tests/utilities.py,90,34,6,5,12
numpy/distutils/tests/test_fcompiler_nagfor.py,22,20,2,1,2
numpy/distutils/tests/test_ccompiler_opt.py,808,162,96,34,7
numpy/distutils/tests/test_fcompiler_gnu.py,55,48,7,4,2
numpy/distutils/mingw/gfortran_vs2003_hack.c,6,5,1,2,0
numpy/distutils/fcompiler/gnu.py,555,114,108,25,17
numpy/distutils/fcompiler/compaq.py,120,97,16,9,7
numpy/distutils/fcompiler/intel.py,211,152,14,16,5
numpy/distutils/fcompiler/none.py,28,21,2,1,3
numpy/distutils/fcompiler/nag.py,87,73,7,9,5
numpy/distutils/fcompiler/pg.py,128,72,7,14,7
numpy/distutils/fcompiler/ibm.py,97,79,18,5,10
numpy/distutils/fcompiler/sun.py,51,42,4,5,4
numpy/distutils/fcompiler/nv.py,53,34,3,5,3
numpy/distutils/fcompiler/lahey.py,45,37,3,4,4
numpy/distutils/fcompiler/__init__.py,1035,389,189,52,19
numpy/distutils/fcompiler/g95.py,42,29,2,3,3
numpy/distutils/fcompiler/arm.py,71,30,2,8,7
numpy/distutils/fcompiler/mips.py,54,48,11,5,3
numpy/distutils/fcompiler/hpux.py,41,34,2,5,3
numpy/distutils/fcompiler/environment.py,88,74,16,8,2
numpy/distutils/fcompiler/pathf95.py,33,27,2,2,3
numpy/distutils/fcompiler/fujitsu.py,46,32,3,4,3
numpy/distutils/fcompiler/absoft.py,158,117,27,11,6
numpy/distutils/fcompiler/vast.py,52,41,3,3,4
numpy/distutils/command/build.py,62,46,6,3,5
numpy/distutils/command/config_compiler.py,126,98,26,7,4
numpy/distutils/command/build_ext.py,752,588,146,11,16
numpy/distutils/command/config.py,516,331,94,24,19
numpy/distutils/command/install_headers.py,25,21,6,1,2
numpy/distutils/command/build_py.py,31,20,5,3,2
numpy/distutils/command/build_src.py,773,301,160,24,19
numpy/distutils/command/__init__.py,41,30,2,1,0
numpy/distutils/command/sdist.py,27,20,7,1,4
numpy/distutils/command/build_scripts.py,49,36,10,3,4
numpy/distutils/command/bdist_rpm.py,22,17,4,1,4
numpy/distutils/command/install_clib.py,40,30,6,4,4
numpy/distutils/command/build_clib.py,469,369,78,10,13
numpy/distutils/command/autodist.py,148,58,17,7,1
numpy/distutils/command/egg_info.py,25,17,4,1,5
numpy/distutils/command/install.py,79,48,14,3,5
numpy/distutils/command/develop.py,15,7,3,1,1
numpy/distutils/command/install_data.py,24,14,2,2,2
numpy/_utils/_pep440.py,486,157,69,48,3
numpy/_utils/__init__.py,95,38,21,6,4
numpy/_utils/_convertions.py,18,9,3,2,0
numpy/_utils/_inspect.py,192,80,33,11,2
numpy/strings/__init__.py,2,2,1,0,2
numpy/char/__init__.py,2,2,1,0,2
numpy/core/umath.py,10,9,2,1,2
numpy/core/fromnumeric.py,10,9,2,1,2
numpy/core/_dtype.py,10,9,2,1,2
numpy/core/_internal.py,27,14,3,2,4
numpy/core/multiarray.py,25,14,4,1,4
numpy/core/records.py,10,9,2,1,2
numpy/core/__init__.py,33,13,5,2,2
numpy/core/overrides.py,10,9,2,1,2
numpy/core/getlimits.py,10,9,2,1,2
numpy/core/_dtype_ctypes.py,10,9,2,1,2
numpy/core/defchararray.py,10,9,2,1,2
numpy/core/shape_base.py,10,9,2,1,2
numpy/core/numeric.py,12,10,2,1,2
numpy/core/function_base.py,10,9,2,1,2
numpy/core/einsumfunc.py,10,9,2,1,2
numpy/core/numerictypes.py,10,9,2,1,2
numpy/core/_utils.py,21,19,4,1,1
numpy/core/arrayprint.py,10,9,2,1,2
numpy/core/_multiarray_umath.py,57,22,12,1,10
numpy/linalg/__init__.py,98,9,10,0,3
numpy/linalg/_linalg.py,3661,1066,470,81,48
numpy/linalg/linalg.py,17,16,3,1,2
numpy/linalg/lapack_litemodule.c,434,26,22,1,3
numpy/linalg/tests/test_linalg.py,2442,774,169,146,23
numpy/linalg/tests/test_deprecations.py,21,8,3,1,2
numpy/linalg/tests/__init__.py,0,0,1,0,0
numpy/linalg/tests/test_regression.py,181,132,9,12,4
numpy/linalg/lapack_lite/f2c_d_lapack.c,41864,4001,3789,19,2
numpy/linalg/lapack_lite/clapack_scrub.py,319,206,33,34,7
numpy/linalg/lapack_lite/f2c_z_lapack.c,29996,3077,2441,15,2
numpy/linalg/lapack_lite/f2c_lapack.c,1651,284,279,0,2
numpy/linalg/lapack_lite/f2c_c_lapack.c,29861,3079,2441,27,2
numpy/linalg/lapack_lite/f2c_config.c,2068,403,134,0,2
numpy/linalg/lapack_lite/f2c.c,771,528,17,13,6
numpy/linalg/lapack_lite/f2c_blas.c,21603,1007,2499,0,2
numpy/linalg/lapack_lite/f2c_s_lapack.c,41691,4008,3790,38,2
numpy/linalg/lapack_lite/python_xerbla.c,43,21,6,2,3
numpy/linalg/lapack_lite/make_lite.py,392,257,62,26,9
numpy/linalg/lapack_lite/fortran.py,124,20,22,14,2
numpy/ctypeslib/__init__.py,13,13,1,0,1
numpy/ctypeslib/_ctypeslib.py,603,182,89,17,11
numpy/ma/extras.py,2343,1079,278,49,40
numpy/ma/testutils.py,294,166,43,17,8
numpy/ma/__init__.py,53,9,3,0,4
numpy/ma/core.py,8932,3401,1153,270,142
numpy/ma/mrecords.py,773,373,136,28,3
numpy/ma/tests/test_old_ma.py,939,833,27,45,8
numpy/ma/tests/test_core.py,5962,4472,190,352,25
numpy/ma/tests/test_deprecations.py,86,12,5,6,6
numpy/ma/tests/__init__.py,0,0,1,0,0
numpy/ma/tests/test_subclassing.py,469,96,25,45,6
numpy/ma/tests/test_extras.py,2003,1611,64,97,8
numpy/ma/tests/test_arrayobject.py,40,29,1,3,4
numpy/ma/tests/test_mrecords.py,495,387,16,25,8
numpy/ma/tests/test_regression.py,98,66,3,14,4
numpy/_core/umath.py,60,45,5,0,4
numpy/_core/fromnumeric.py,4272,621,526,90,53
numpy/_core/_dtype.py,366,96,68,17,1
numpy/_core/_add_newdocs.py,7010,2629,733,1,113
numpy/_core/_methods.py,253,176,58,15,9
numpy/_core/_internal.py,958,549,176,47,10
numpy/_core/_string_helpers.py,100,16,12,3,4
numpy/_core/multiarray.py,1762,802,177,24,29
numpy/_core/_asarray.py,130,44,15,1,3
numpy/_core/records.py,1088,453,199,25,11
numpy/_core/check_longdouble.c,15,11,1,2,0
numpy/_core/_add_newdocs_scalars.py,389,129,40,4,5
numpy/_core/__init__.py,221,52,35,4,23
numpy/_core/_machar.py,355,217,54,3,3
numpy/_core/memmap.py,363,119,51,5,11
numpy/_core/overrides.py,183,52,29,7,5
numpy/_core/getlimits.py,747,335,101,23,10
numpy/_core/_dtype_ctypes.py,120,69,19,6,5
numpy/_core/defchararray.py,1415,261,156,68,22
numpy/_core/shape_base.py,996,228,131,26,12
numpy/_core/numeric.py,2758,1302,325,55,52
numpy/_core/function_base.py,545,147,74,9,17
numpy/_core/einsumfunc.py,1498,493,249,13,6
numpy/_core/_ufunc_config.py,491,98,50,11,10
numpy/_core/_exceptions.py,162,43,20,16,0
numpy/_core/numerictypes.py,633,238,63,11,17
numpy/_core/_type_aliases.py,119,70,18,0,2
numpy/_core/cversions.py,13,6,3,0,3
numpy/_core/printoptions.py,32,19,4,0,4
numpy/_core/strings.py,1807,820,197,50,38
numpy/_core/arrayprint.py,1784,726,325,58,28
numpy/_core/tests/test_numerictypes.py,621,157,43,45,8
numpy/_core/tests/test_scalar_methods.py,254,197,16,22,8
numpy/_core/tests/test_scalarmath.py,1166,597,166,75,15
numpy/_core/tests/test_item_selection.py,167,123,28,9,4
numpy/_core/tests/test_array_coercion.py,911,518,90,63,7
numpy/_core/tests/test_limited_api.py,102,78,13,2,13
numpy/_core/tests/test_casting_floatingpoint_errors.py,154,98,9,15,4
numpy/_core/tests/test_machar.py,30,17,6,2,3
numpy/_core/tests/_natype.py,144,98,21,12,2
numpy/_core/tests/test_unicode.py,369,90,20,19,2
numpy/_core/tests/test_cpu_dispatcher.py,48,35,9,1,3
numpy/_core/tests/test_arrayprint.py,1327,529,44,75,10
numpy/_core/tests/test_multithreading.py,338,224,42,35,9
numpy/_core/tests/test_scalarbuffer.py,153,112,3,9,5
numpy/_core/tests/test_indexerrors.py,122,3,2,10,2
numpy/_core/tests/test_print.py,200,87,31,11,6
numpy/_core/tests/test_half.py,578,167,29,20,5
numpy/_core/tests/test_arraymethod.py,84,46,7,4,5
numpy/_core/tests/test_mem_overlap.py,933,360,116,53,8
numpy/_core/tests/test_shape_base.py,903,721,32,70,9
numpy/_core/tests/test_hashtable.py,36,22,7,1,3
numpy/_core/tests/test_array_interface.py,222,88,28,4,6
numpy/_core/tests/test_deprecations.py,536,335,53,50,14
numpy/_core/tests/test_errstate.py,131,91,6,9,4
numpy/_core/tests/test_nep50_promotions.py,287,176,23,16,6
numpy/_core/tests/test_records.py,544,35,17,39,9
numpy/_core/tests/test_mem_policy.py,452,214,39,11,11
numpy/_core/tests/test_simd.py,1345,999,208,69,7
numpy/_core/tests/test_scalarinherit.py,105,75,3,7,3
numpy/_core/tests/test_indexing.py,1674,1101,162,105,10
numpy/_core/tests/test_umath.py,4941,341,404,344,19
numpy/_core/tests/test_numeric.py,4239,2521,239,305,20
numpy/_core/tests/test_function_base.py,504,391,28,47,8
numpy/_core/tests/test_datetime.py,2744,2094,99,118,8
numpy/_core/tests/test__exceptions.py,90,39,9,7,4
numpy/_core/tests/test_extint128.py,217,165,48,15,8
numpy/_core/tests/test_cython.py,352,233,14,24,34
numpy/_core/tests/test_umath_complex.py,631,414,53,34,7
numpy/_core/tests/_locales.py,72,36,10,5,3
numpy/_core/tests/test_custom_dtypes.py,315,208,15,28,6
numpy/_core/tests/test_defchararray.py,853,652,18,107,4
numpy/_core/tests/test_conversion_utils.py,209,67,21,19,5
numpy/_core/tests/test_arrayobject.py,75,43,4,5,3
numpy/_core/tests/test_scalarprint.py,403,308,25,13,4
numpy/_core/tests/test_casting_unittests.py,955,97,131,31,10
numpy/_core/tests/test_abc.py,54,45,5,5,4
numpy/_core/tests/test_ufunc.py,3311,1950,266,209,17
numpy/_core/tests/test_dtype.py,1995,426,102,151,17
numpy/_core/tests/test_umath_accuracy.py,132,112,12,4,9
numpy/_core/tests/test_simd_module.py,105,84,11,8,2
numpy/_core/tests/test_getlimits.py,205,119,24,21,8
numpy/_core/tests/test_stringdtype.py,1855,939,186,97,13
numpy/_core/tests/test_strings.py,1468,1321,62,81,6
numpy/_core/tests/test_dlpack.py,190,138,3,21,4
numpy/_core/tests/test_einsum.py,1316,918,119,63,5
numpy/_core/tests/test_api.py,655,468,23,25,7
numpy/_core/tests/test_longdouble.py,369,21,17,29,6
numpy/_core/tests/test_overrides.py,800,558,50,83,12
numpy/_core/tests/test_scalar_ctors.py,203,101,10,20,3
numpy/_core/tests/test_multiarray.py,10767,3351,722,808,48
numpy/_core/tests/test_memmap.py,247,196,9,23,9
numpy/_core/tests/test_nditer.py,3495,1608,345,125,12
numpy/_core/tests/test_cpu_features.py,433,86,53,23,11
numpy/_core/tests/test_protocols.py,46,30,3,8,3
numpy/_core/tests/test_array_api_info.py,113,83,2,9,2
numpy/_core/tests/test_argparse.py,90,53,9,9,5
numpy/_core/tests/test_regression.py,2676,1897,172,298,23
numpy/_core/tests/examples/cython/setup.py,39,26,3,0,7
numpy/_core/tests/examples/limited_api/limited_api1.c,17,14,1,0,3
numpy/_core/tests/examples/limited_api/setup.py,24,14,1,0,3
numpy/_core/tests/examples/limited_api/limited_api_latest.c,19,16,2,0,3
numpy/_core/code_generators/generate_ufunc_api.py,219,143,21,3,5
numpy/_core/code_generators/generate_numpy_api.py,325,228,40,3,5
numpy/_core/code_generators/verify_c_api_version.py,66,16,7,3,3
numpy/_core/code_generators/generate_umath_doc.py,50,38,4,3,5
numpy/_core/code_generators/__init__.py,0,0,1,0,0
numpy/_core/code_generators/genapi.py,567,329,77,45,10
numpy/_core/code_generators/generate_umath.py,1643,1362,102,15,7
numpy/_core/code_generators/ufunc_docstrings.py,5506,3408,540,1,120
numpy/_core/code_generators/numpy_api.py,487,375,9,1,4
numpy/_core/src/dummymodule.c,40,23,4,0,1
numpy/_core/src/multiarray/hashdescr.c,321,147,40,6,4
numpy/_core/src/multiarray/strfuncs.c,97,53,6,0,6
numpy/_core/src/multiarray/arrayfunction_override.c,775,227,86,8,9
numpy/_core/src/multiarray/dtype_traversal.c,643,108,60,24,8
numpy/_core/src/multiarray/common.c,473,226,62,3,10
numpy/_core/src/multiarray/item_selection.c,3195,1348,458,87,24
numpy/_core/src/multiarray/datetime_strings.c,1605,288,255,17,8
numpy/_core/src/multiarray/scalarapi.c,654,277,85,18,12
numpy/_core/src/multiarray/buffer.c,1098,397,167,32,12
numpy/_core/src/multiarray/vdot.c,183,98,18,4,4
numpy/_core/src/multiarray/public_dtype_api.c,185,57,17,2,13
numpy/_core/src/multiarray/arraywrap.c,316,131,41,1,7
numpy/_core/src/multiarray/multiarraymodule.c,5161,1974,611,82,61
numpy/_core/src/multiarray/sequence.c,84,33,5,1,9
numpy/_core/src/multiarray/nditer_api.c,2326,817,293,71,3
numpy/_core/src/multiarray/array_assign_array.c,499,138,67,20,11
numpy/_core/src/multiarray/datetime_busdaycal.c,502,36,52,4,9
numpy/_core/src/multiarray/abstractdtypes.c,492,223,57,0,8
numpy/_core/src/multiarray/convert.c,550,265,59,6,18
numpy/_core/src/multiarray/iterators.c,1779,715,186,50,17
numpy/_core/src/multiarray/number.c,773,125,58,5,13
numpy/_core/src/multiarray/refcount.c,519,297,74,12,13
numpy/_core/src/multiarray/dragon4.c,3214,791,326,28,6
numpy/_core/src/multiarray/array_coercion.c,1454,468,211,15,19
numpy/_core/src/multiarray/temp_elide.c,423,97,72,7,8
numpy/_core/src/multiarray/methods.c,3110,605,353,66,31
numpy/_core/src/multiarray/dtypemeta.c,1421,530,169,11,23
numpy/_core/src/multiarray/array_method.c,993,413,128,28,10
numpy/_core/src/multiarray/alloc.c,597,327,73,19,13
numpy/_core/src/multiarray/common_dtype.c,308,111,29,0,8
numpy/_core/src/multiarray/conversion_utils.c,1433,663,183,26,13
numpy/_core/src/multiarray/arrayobject.c,1243,461,135,14,33
numpy/_core/src/multiarray/flagsobject.c,710,383,77,13,9
numpy/_core/src/multiarray/getset.c,992,453,90,9,20
numpy/_core/src/multiarray/fnv.c,85,28,4,0,3
numpy/_core/src/multiarray/dtype_transfer.c,3834,671,382,107,19
numpy/_core/src/multiarray/calculation.c,873,437,96,14,10
numpy/_core/src/multiarray/array_converter.c,477,35,55,6,17
numpy/_core/src/multiarray/array_assign_scalar.c,350,74,47,12,11
numpy/_core/src/multiarray/dlpack.c,727,171,94,9,7
numpy/_core/src/multiarray/nditer_constr.c,3555,1048,502,106,7
numpy/_core/src/multiarray/npy_static_data.c,280,116,24,0,8
numpy/_core/src/multiarray/convert_datatype.c,3581,1621,489,59,30
numpy/_core/src/multiarray/mapping.c,3482,1001,508,84,20
numpy/_core/src/multiarray/descriptor.c,3857,1306,589,61,22
numpy/_core/src/multiarray/ctors.c,4221,1473,614,96,29
numpy/_core/src/multiarray/legacy_dtype_implementation.c,565,289,106,10,8
numpy/_core/src/multiarray/compiled_base.c,2046,359,304,28,15
numpy/_core/src/multiarray/shape.c,1019,401,140,26,14
numpy/_core/src/multiarray/nditer_pywrap.c,2541,274,326,32,9
numpy/_core/src/multiarray/datetime_busday.c,1327,185,169,26,8
numpy/_core/src/multiarray/array_api_standard.c,79,66,11,1,1
numpy/_core/src/multiarray/datetime.c,4375,1135,566,57,16
numpy/_core/src/multiarray/usertypes.c,675,246,70,18,13
numpy/_core/src/multiarray/stringdtype/static_string.c,803,565,105,19,9
numpy/_core/src/multiarray/stringdtype/dtype.c,926,675,123,26,13
numpy/_core/src/multiarray/stringdtype/utf8_utils.c,330,110,35,2,3
numpy/_core/src/multiarray/textreading/str_to_int.c,70,61,5,0,6
numpy/_core/src/multiarray/textreading/rows.c,511,251,85,8,13
numpy/_core/src/multiarray/textreading/field_types.c,201,166,30,1,6
numpy/_core/src/multiarray/textreading/growth.c,47,6,7,0,2
numpy/_core/src/multiarray/textreading/readtext.c,316,110,40,2,12
numpy/_core/src/multiarray/textreading/conversions.c,394,87,51,4,10
numpy/_core/src/multiarray/textreading/stream_pyobject.c,240,108,19,0,5
numpy/_core/src/npymath/arm64_exports.c,30,15,3,0,1
numpy/_core/src/npymath/npy_math.c,9,2,1,0,1
numpy/_core/src/_simd/_simd.c,100,90,13,0,2
numpy/_core/src/common/numpyos.c,828,394,120,22,9
numpy/_core/src/common/ufunc_override.c,125,72,21,1,8
numpy/_core/src/common/array_assign.c,166,17,22,5,8
numpy/_core/src/common/npy_cpu_dispatch.c,78,72,15,3,3
numpy/_core/src/common/mem_overlap.c,923,187,118,9,7
numpy/_core/src/common/npy_import.c,21,17,3,0,3
numpy/_core/src/common/cblasfuncs.c,717,458,94,15,10
numpy/_core/src/common/python_xerbla.c,43,21,6,2,3
numpy/_core/src/common/gil_utils.c,48,39,5,1,3
numpy/_core/src/common/npy_longdouble.c,175,48,20,3,4
numpy/_core/src/common/npy_cpu_features.c,889,417,127,22,14
numpy/_core/src/common/blas_utils.c,134,87,11,4,7
numpy/_core/src/common/npy_argparse.c,454,128,64,15,7
numpy/_core/src/umath/extobj.c,556,169,65,15,7
numpy/_core/src/umath/legacy_array_method.c,465,163,63,15,10
numpy/_core/src/umath/ufunc_object.c,6643,2233,909,201,33
numpy/_core/src/umath/_umath_tests.dispatch.c,29,22,2,1,4
numpy/_core/src/umath/_scaled_float_dtype.c,902,435,70,25,10
numpy/_core/src/umath/wrapping_array_method.c,340,162,31,10,8
numpy/_core/src/umath/_rational_tests.c,1375,488,109,26,7
numpy/_core/src/umath/reduction.c,459,133,67,14,12
numpy/_core/src/umath/_operand_flag_tests.c,97,44,6,2,6
numpy/_core/src/umath/override.c,426,120,67,12,8
numpy/_core/src/umath/umathmodule.c,337,128,34,10,21
numpy/_core/src/umath/_struct_ufunc_tests.c,166,126,7,4,5
numpy/_core/src/umath/ufunc_type_resolution.c,2257,609,313,77,15
numpy/_typing/_char_codes.py,213,188,4,0,1
numpy/_typing/_extended_precision.py,15,6,1,0,2
numpy/_typing/_nbit.py,19,0,1,0,2
numpy/_typing/_ufunc.py,7,6,1,0,1
numpy/_typing/__init__.py,172,0,2,0,15
numpy/_typing/_dtype_like.py,107,59,7,1,4
numpy/_typing/_nbit_base.py,94,32,9,1,5
numpy/_typing/_array_like.py,106,22,7,3,10
numpy/_typing/_scalars.py,20,12,2,0,2
numpy/_typing/_shape.py,8,5,1,0,2
numpy/_typing/_add_docstring.py,153,65,12,2,9
numpy/_typing/_nested_sequence.py,79,34,5,7,5
numpy/tests/test_warnings.py,79,54,19,6,5
numpy/tests/test_matlib.py,59,45,1,8,3
numpy/tests/test_ctypeslib.py,377,204,12,23,14
numpy/tests/test_lazyloading.py,42,18,1,1,10
numpy/tests/test__all__.py,10,5,3,1,2
numpy/tests/test_numpy_version.py,54,25,6,3,3
numpy/tests/__init__.py,0,0,1,0,0
numpy/tests/test_reloading.py,75,45,7,3,14
numpy/tests/test_public_api.py,806,224,140,22,22
numpy/tests/test_scripts.py,48,30,10,3,7
numpy/tests/test_configtool.py,52,40,1,6,10
numpy/tests/test_numpy_config.py,46,33,3,4,3
numpy/_pyinstaller/__init__.py,0,0,1,0,0
numpy/_pyinstaller/hook-numpy.py,36,15,7,0,3
numpy/_pyinstaller/tests/test_pyinstaller.py,35,8,3,1,3
numpy/_pyinstaller/tests/__init__.py,16,12,4,0,2
numpy/_pyinstaller/tests/pyinstaller-smoke.py,32,15,4,0,2
numpy/rec/__init__.py,2,2,1,0,2
numpy/typing/__init__.py,201,28,22,2,8
numpy/typing/mypy_plugin.py,195,95,20,10,12
numpy/typing/tests/test_isfile.py,32,25,4,1,5
numpy/typing/tests/test_typing.py,205,119,32,8,12
numpy/typing/tests/test_runtime.py,115,33,3,10,5
numpy/typing/tests/__init__.py,0,0,1,0,0
numpy/typing/tests/data/pass/fromnumeric.py,272,0,2,0,1
numpy/typing/tests/data/pass/arithmetic.py,614,505,3,9,5
numpy/typing/tests/data/pass/recfunctions.py,161,0,1,16,4
numpy/typing/tests/data/pass/ndarray_conversion.py,87,51,2,0,3
numpy/typing/tests/data/pass/literal.py,52,42,5,0,6
numpy/typing/tests/data/pass/ma.py,199,148,2,0,5
numpy/typing/tests/data/pass/comparisons.py,316,265,1,0,3
numpy/typing/tests/data/pass/multiarray.py,76,56,1,0,2
numpy/typing/tests/data/pass/array_constructors.py,138,102,1,2,3
numpy/typing/tests/data/pass/dtype.py,57,41,2,0,1
numpy/typing/tests/data/pass/ndarray_misc.py,202,143,3,0,6
numpy/typing/tests/data/pass/ndarray_shape_manipulation.py,47,27,1,0,1
numpy/typing/tests/data/pass/ufuncs.py,16,10,1,0,1
numpy/typing/tests/data/pass/ufunc_config.py,64,0,2,6,1
numpy/typing/tests/data/pass/nditer.py,4,3,1,0,1
numpy/typing/tests/data/pass/random.py,1498,1325,3,0,3
numpy/typing/tests/data/pass/index_tricks.py,62,44,1,0,3
numpy/typing/tests/data/pass/warnings_and_errors.py,6,5,1,0,1
numpy/typing/tests/data/pass/arrayterator.py,28,20,2,0,3
numpy/typing/tests/data/pass/numeric.py,97,63,2,0,4
numpy/typing/tests/data/pass/lib_utils.py,19,11,1,1,4
numpy/typing/tests/data/pass/shape.py,19,11,1,1,2
numpy/typing/tests/data/pass/modules.py,45,41,1,0,2
numpy/typing/tests/data/pass/einsumfunc.py,36,29,1,0,3
numpy/typing/tests/data/pass/lib_version.py,18,15,1,0,1
numpy/typing/tests/data/pass/scalars.py,249,206,1,4,3
numpy/typing/tests/data/pass/array_like.py,43,30,4,1,4
numpy/typing/tests/data/pass/simple.py,170,0,2,2,4
numpy/typing/tests/data/pass/flatiter.py,18,15,1,0,1
numpy/typing/tests/data/pass/numerictypes.py,17,13,1,0,1
numpy/typing/tests/data/pass/mod.py,149,121,1,0,1
numpy/typing/tests/data/pass/lib_user_array.py,22,0,2,0,3
numpy/typing/tests/data/pass/arrayprint.py,37,34,1,0,1
numpy/typing/tests/data/pass/ufunclike.py,49,37,1,4,3
numpy/typing/tests/data/pass/bitwise_ops.py,131,106,1,0,1
numpy/f2py/cfuncs.py,1563,635,304,4,4
numpy/f2py/_src_pyf.py,247,53,42,11,2
numpy/f2py/common_rules.py,143,123,32,6,4
numpy/f2py/crackfortran.py,3725,1282,1021,72,13
numpy/f2py/cb_rules.py,665,372,79,3,3
numpy/f2py/__init__.py,86,20,11,3,8
numpy/f2py/rules.py,1629,443,155,2,8
numpy/f2py/f2py2e.py,788,647,184,15,11
numpy/f2py/func2subr.py,329,280,93,7,3
numpy/f2py/__version__.py,1,1,1,0,1
numpy/f2py/symbolic.py,1516,1118,394,78,4
numpy/f2py/diagnose.py,149,138,26,1,16
numpy/f2py/capi_maps.py,811,669,181,15,9
numpy/f2py/f90mod_rules.py,269,230,49,6,6
numpy/f2py/use_rules.py,99,17,18,2,1
numpy/f2py/auxfuncs.py,1004,704,245,118,8
numpy/f2py/_isocbind.py,62,47,22,0,0
numpy/f2py/__main__.py,5,2,1,0,1
numpy/f2py/_backends/_backend.py,44,39,1,2,1
numpy/f2py/_backends/__init__.py,9,9,3,1,2
numpy/f2py/_backends/_distutils.py,76,65,10,2,9
numpy/f2py/_backends/_meson.py,244,81,33,19,10
numpy/f2py/tests/test_character.py,641,290,25,31,5
numpy/f2py/tests/test_mixed.py,35,24,2,2,4
numpy/f2py/tests/test_return_logical.py,65,57,1,3,3
numpy/f2py/tests/test_assumed_shape.py,50,37,2,3,4
numpy/f2py/tests/test_common.py,23,15,1,2,3
numpy/f2py/tests/test_pyf_src.py,43,14,3,2,2
numpy/f2py/tests/test_kind.py,52,17,9,3,5
numpy/f2py/tests/test_isoc.py,56,36,1,5,5
numpy/f2py/tests/test_array_from_pyobj.py,678,512,87,49,8
numpy/f2py/tests/test_return_real.py,109,77,5,4,5
numpy/f2py/tests/test_symbolic.py,495,418,9,16,3
numpy/f2py/tests/util.py,442,296,54,22,20
numpy/f2py/tests/test_size.py,45,31,1,3,3
numpy/f2py/tests/test_callback.py,263,44,18,21,11
numpy/f2py/tests/test_string.py,100,75,9,6,3
numpy/f2py/tests/test_docs.py,66,48,5,5,5
numpy/f2py/tests/__init__.py,16,12,4,0,2
numpy/f2py/tests/test_quoted_character.py,18,10,1,1,3
numpy/f2py/tests/test_parameter.py,129,87,1,12,3
numpy/f2py/tests/test_abstract_interface.py,26,18,1,2,4
numpy/f2py/tests/test_routines.py,29,22,1,2,2
numpy/f2py/tests/test_f2cmap.py,17,12,1,1,2
numpy/f2py/tests/test_semicolon_split.py,75,43,3,2,4
numpy/f2py/tests/test_block_docstring.py,20,14,1,1,4
numpy/f2py/tests/test_return_integer.py,55,42,2,3,3
numpy/f2py/tests/test_return_character.py,48,38,4,3,4
numpy/f2py/tests/test_data.py,71,52,5,6,4
numpy/f2py/tests/test_value_attrspec.py,15,10,1,1,2
numpy/f2py/tests/test_return_complex.py,67,52,3,3,3
numpy/f2py/tests/test_modules.py,83,32,5,5,4
numpy/f2py/tests/test_crackfortran.py,421,155,26,33,10
numpy/f2py/tests/test_f2py2e.py,983,391,36,63,20
numpy/f2py/tests/test_regression.py,187,124,8,15,6
numpy/f2py/tests/src/array_from_pyobj/wrapmodule.c,235,3,11,7,3
numpy/f2py/src/fortranobject.c,1436,663,207,36,4
numpy/testing/__init__.py,22,11,4,0,7
numpy/testing/overrides.py,84,14,10,4,5
numpy/testing/print_coercion_tables.py,207,168,36,8,4
numpy/testing/tests/test_utils.py,2108,545,74,155,11
numpy/testing/tests/__init__.py,0,0,1,0,0
numpy/testing/_private/__init__.py,0,0,1,0,0
numpy/testing/_private/extbuild.py,250,75,23,8,7
numpy/testing/_private/utils.py,2837,1153,496,76,63
numpy/lib/_iotools.py,900,390,163,29,11
numpy/lib/mixins.py,180,51,26,10,2
numpy/lib/_polynomial_impl.py,1465,462,185,51,26
numpy/lib/recfunctions.py,1681,698,308,52,37
numpy/lib/_user_array_impl.py,299,204,14,60,2
numpy/lib/_array_utils_impl.py,62,22,4,1,4
numpy/lib/_arraysetops_impl.py,1264,568,173,28,21
numpy/lib/scimath.py,13,13,1,0,1
numpy/lib/_stride_tricks_impl.py,549,111,66,12,8
numpy/lib/_version.py,153,66,28,11,2
numpy/lib/array_utils.py,7,7,1,0,1
numpy/lib/_type_check_impl.py,710,160,79,18,17
numpy/lib/_scimath_impl.py,642,84,65,16,19
numpy/lib/user_array.py,1,1,1,0,1
numpy/lib/__init__.py,97,73,13,1,8
numpy/lib/format.py,24,24,1,0,1
numpy/lib/_arrayterator_impl.py,224,78,50,7,3
numpy/lib/introspect.py,94,28,15,1,4
numpy/lib/npyio.py,1,1,1,0,1
numpy/lib/_shape_base_impl.py,1298,300,145,30,27
numpy/lib/stride_tricks.py,1,1,1,0,1
numpy/lib/_histograms_impl.py,1085,239,176,21,11
numpy/lib/_arraypad_impl.py,926,287,156,13,5
numpy/lib/_ufunclike_impl.py,207,34,25,4,5
numpy/lib/_npyio_impl.py,2596,701,535,46,44
numpy/lib/_index_tricks_impl.py,1065,285,124,25,25
numpy/lib/_twodim_base_impl.py,1201,752,139,22,25
numpy/lib/_format_impl.py,1036,381,195,20,12
numpy/lib/_function_base_impl.py,5855,2416,822,101,77
numpy/lib/_nanfunctions_impl.py,2023,533,333,39,21
numpy/lib/_datasource.py,700,209,121,27,23
numpy/lib/_utils_impl.py,779,355,115,16,23
numpy/lib/tests/test_type_check.py,473,353,12,55,3
numpy/lib/tests/test_utils.py,80,54,2,7,5
numpy/lib/tests/test_twodim_base.py,559,460,21,38,4
numpy/lib/tests/test_polynomial.py,325,239,14,18,5
numpy/lib/tests/test__iotools.py,355,271,11,25,6
numpy/lib/tests/test_shape_base.py,813,494,29,82,10
numpy/lib/tests/test_ufunclike.py,97,78,3,8,3
numpy/lib/tests/test_index_tricks.py,693,471,36,57,5
numpy/lib/tests/__init__.py,0,0,1,0,0
numpy/lib/tests/test_arrayterator.py,45,27,12,1,6
numpy/lib/tests/test__version.py,64,39,10,8,2
numpy/lib/tests/test_io.py,2854,1651,134,214,29
numpy/lib/tests/test_array_utils.py,32,23,2,4,3
numpy/lib/tests/test_arraysetops.py,1276,362,88,60,6
numpy/lib/tests/test_function_base.py,4584,3150,196,365,20
numpy/lib/tests/test_arraypad.py,1427,718,37,91,5
numpy/lib/tests/test_mixins.py,215,140,22,19,4
numpy/lib/tests/test_packbits.py,376,324,25,15,4
numpy/lib/tests/test__datasource.py,352,10,22,49,11
numpy/lib/tests/test_stride_tricks.py,655,499,45,33,5
numpy/lib/tests/test_recfunctions.py,1039,799,8,59,7
numpy/lib/tests/test_nanfunctions.py,1437,1142,163,87,9
numpy/lib/tests/test_loadtxt.py,1101,395,76,93,8
numpy/lib/tests/test_format.py,1053,266,51,36,15
numpy/lib/tests/test_histograms.py,855,561,56,64,6
numpy/lib/tests/test_regression.py,231,158,9,28,5
numpy/fft/_helper.py,235,48,28,5,6
numpy/fft/__init__.py,215,8,40,0,4
numpy/fft/helper.py,17,16,3,1,2
numpy/fft/_pocketfft.py,1693,186,223,20,23
numpy/fft/tests/test_pocketfft.py,589,489,52,46,6
numpy/fft/tests/test_helper.py,167,74,14,10,4
numpy/fft/tests/__init__.py,0,0,1,0,0
numpy/doc/ufuncs.py,138,0,34,0,0
numpy/random/_pickle.py,88,33,23,3,7
numpy/random/__init__.py,213,68,14,1,9
numpy/random/tests/test_generator_mt19937.py,2819,2243,128,221,14
numpy/random/tests/test_randomstate.py,2094,52,72,175,10
numpy/random/tests/test_direct.py,592,474,60,50,16
numpy/random/tests/test_extending.py,127,99,16,4,20
numpy/random/tests/__init__.py,0,0,1,0,0
numpy/random/tests/test_smoke.py,882,753,28,82,7
numpy/random/tests/test_randomstate_regression.py,213,138,23,20,7
numpy/random/tests/test_seed_sequence.py,79,61,5,2,3
numpy/random/tests/test_generator_mt19937_regressions.py,221,132,24,20,8
numpy/random/tests/test_random.py,1724,1352,67,143,8
numpy/random/tests/test_regression.py,148,95,20,12,6
numpy/random/tests/data/__init__.py,0,0,1,0,0
numpy/random/_examples/cffi/parse.py,53,33,14,1,1
numpy/random/_examples/cffi/extending.py,44,9,2,0,4
numpy/random/_examples/numba/extending.py,86,58,8,5,4
numpy/random/_examples/numba/extending_distributions.py,67,34,8,1,5
numpy/random/src/mt19937/mt19937.c,106,36,15,11,2
numpy/random/src/mt19937/mt19937-test-data-gen.c,59,47,9,2,3
numpy/random/src/mt19937/randomkit.c,580,96,60,15,19
numpy/random/src/mt19937/mt19937-jump.c,114,2,21,10,2
numpy/random/src/mt19937/mt19937-benchmark.c,31,22,2,2,4
numpy/random/src/sfc64/sfc64.c,39,29,4,3,1
numpy/random/src/pcg64/pcg64.c,204,119,8,2,1
numpy/random/src/pcg64/pcg64-test-data-gen.c,73,60,9,2,3
numpy/random/src/pcg64/pcg64.orig.c,11,9,1,0,1
numpy/random/src/pcg64/pcg64-benchmark.c,42,32,3,2,5
numpy/random/src/legacy/legacy-distributions.c,559,118,66,2,1
numpy/random/src/philox/philox-benchmark.c,38,26,3,2,4
numpy/random/src/philox/philox.c,29,4,6,1,1
numpy/random/src/philox/philox-test-data-gen.c,82,63,13,2,4
numpy/random/src/splitmix64/splitmix64.orig.c,28,8,4,0,1
numpy/random/src/splitmix64/splitmix64.c,29,4,4,0,1
numpy/random/src/distributions/logfactorial.c,158,136,3,0,2
numpy/random/src/distributions/random_mvhg_marginals.c,138,41,11,1,6
numpy/random/src/distributions/random_hypergeometric.c,260,111,21,0,3
numpy/random/src/distributions/distributions.c,1746,457,234,25,5
numpy/random/src/distributions/random_mvhg_count.c,131,50,15,1,4
numpy/matrixlib/__init__.py,12,6,2,0,3
numpy/matrixlib/defmatrix.py,1119,258,111,36,12
numpy/matrixlib/tests/test_matrix_linalg.py,105,0,3,0,2
numpy/matrixlib/tests/test_defmatrix.py,455,350,9,43,7
numpy/matrixlib/tests/__init__.py,0,0,1,0,0
numpy/matrixlib/tests/test_interaction.py,360,235,21,25,5
numpy/matrixlib/tests/test_numeric.py,18,13,1,2,2
numpy/matrixlib/tests/test_masked_matrix.py,240,187,9,18,5
numpy/matrixlib/tests/test_multiarray.py,17,12,1,2,2
numpy/matrixlib/tests/test_regression.py,31,21,1,5,2
numpy/polynomial/laguerre.py,1675,265,163,25,37
numpy/polynomial/_polybase.py,1191,523,153,72,6
numpy/polynomial/polyutils.py,759,182,117,19,14
numpy/polynomial/__init__.py,187,29,39,1,10
numpy/polynomial/hermite_e.py,1642,278,171,26,27
numpy/polynomial/chebyshev.py,2003,372,202,35,21
numpy/polynomial/polynomial.py,1623,245,196,27,33
numpy/polynomial/legendre.py,1605,274,167,25,20
numpy/polynomial/hermite.py,1740,280,170,26,36
numpy/polynomial/tests/test_chebyshev.py,618,442,61,46,5
numpy/polynomial/tests/test_hermite_e.py,554,398,56,37,5
numpy/polynomial/tests/test_polynomial.py,692,501,64,45,9
numpy/polynomial/tests/__init__.py,0,0,1,0,0
numpy/polynomial/tests/test_laguerre.py,535,382,55,36,5
numpy/polynomial/tests/test_legendre.py,566,407,56,41,5
numpy/polynomial/tests/test_printing.py,555,340,8,49,7
numpy/polynomial/tests/test_hermite.py,553,397,56,37,5
numpy/polynomial/tests/test_classes.py,613,464,31,38,7
numpy/polynomial/tests/test_symbol.py,217,142,6,31,4
numpy/polynomial/tests/test_polyutils.py,123,84,13,10,3
numpy/_build_utils/__init__.py,22,4,1,1,2
numpy/_build_utils/gcc_build_bitness.py,21,13,5,1,2
numpy/_build_utils/tempita.py,59,39,6,2,4
numpy/_build_utils/gitversion.py,102,57,14,2,5
numpy/_build_utils/process_src_template.py,66,46,5,3,4
numpy/_build_utils/tempita/__init__.py,4,1,1,0,1
numpy/_build_utils/tempita/_looper.py,156,87,23,21,0
numpy/_build_utils/tempita/_tempita.py,1124,356,225,58,10
benchmarks/asv_pip_nopep517.py,17,11,3,0,2
benchmarks/benchmarks/bench_ufunc_strides.py,229,193,21,15,2
benchmarks/benchmarks/bench_records.py,40,30,4,8,2
benchmarks/benchmarks/bench_creation.py,74,48,3,13,2
benchmarks/benchmarks/bench_ndindex.py,54,17,9,5,3
benchmarks/benchmarks/bench_app.py,85,56,7,9,2
benchmarks/benchmarks/bench_overrides.py,67,45,3,14,4
benchmarks/benchmarks/bench_function_base.py,379,254,11,66,3
benchmarks/benchmarks/bench_clip.py,35,26,1,4,2
benchmarks/benchmarks/__init__.py,55,39,13,2,4
benchmarks/benchmarks/bench_itemselection.py,61,44,3,7,2
benchmarks/benchmarks/bench_linalg.py,274,69,9,54,2
benchmarks/benchmarks/bench_random.py,186,132,23,23,4
benchmarks/benchmarks/common.py,215,141,35,10,4
benchmarks/benchmarks/bench_trim_zeros.py,27,21,1,2,2
benchmarks/benchmarks/bench_ma.py,312,232,29,32,2
benchmarks/benchmarks/bench_strings.py,43,32,3,3,3
benchmarks/benchmarks/bench_polynomial.py,27,18,1,6,2
benchmarks/benchmarks/bench_scalar.py,80,55,3,11,2
benchmarks/benchmarks/bench_shape_base.py,170,76,13,18,2
benchmarks/benchmarks/bench_array_coercion.py,54,36,3,13,2
benchmarks/benchmarks/bench_ufunc.py,617,435,43,87,5
benchmarks/benchmarks/bench_indexing.py,164,115,7,28,6
benchmarks/benchmarks/bench_reduce.py,119,77,4,26,2
benchmarks/benchmarks/bench_io.py,254,151,12,31,3
benchmarks/benchmarks/bench_manipulate.py,111,79,7,19,3
benchmarks/benchmarks/bench_lib.py,208,71,14,24,3
benchmarks/benchmarks/bench_core.py,308,214,6,77,2
benchmarks/benchmarks/bench_import.py,34,22,1,8,12
doc/conftest.py,33,19,4,2,4
doc/preprocess.py,51,35,8,3,2
doc/postprocess.py,50,32,8,3,1
doc/source/conf.py,652,50,65,5,20
doc/source/user/conftest.py,4,1,1,0,1
doc/source/user/plots/meshgrid_plot.py,8,6,1,0,2
doc/source/user/plots/matplotlib3.py,15,11,1,0,2
doc/source/user/plots/matplotlib2.py,9,7,1,0,2
doc/source/user/plots/matplotlib1.py,8,5,1,0,2
doc/source/f2py/code/setup_example.py,16,13,2,0,2
doc/source/f2py/code/setup_skbuild.py,10,9,1,0,1
doc/source/reference/simd/gen_features.py,196,159,32,16,2
doc/source/reference/random/performance.py,84,51,4,0,6
doc/neps/nep-0016-benchmark.py,52,34,1,1,3
doc/neps/conf.py,182,63,24,0,2
doc/neps/tools/build_index.py,126,76,28,3,4
